﻿Designator,Footprint,Quantity,Value,LCSC Part #
"C1, C10, C11, C12, C13, C14, C15, C16, C17, C18, C19, C2, C20, C21, C22, C23, C24, C25, C26, C4, C5, C6, C7, C8, C9",C_Disc_D4.3mm_W1.9mm_P5.00mm,25,100n,
"C27, C28",C_Disc_D4.3mm_W1.9mm_P5.00mm,2,200p,
"C29, C3",CP_Radial_Tantal_D4.5mm_P5.00mm,2,10u,
J1,PinSocket_1x08_P2.54mm_Vertical,1,Conn_01x08,
J2,PinSocket_1x24_P2.54mm_Vertical,1,Conn_01x24,
J3,AuxPeriph,1,Aux,
"R1, R2, R3, R4, R9",R_Axial_DIN0207_L6.3mm_D2.5mm_P10.16mm_Horizontal,5,560R,
R7,R_Axial_DIN0207_L6.3mm_D2.5mm_P10.16mm_Horizontal,1,270R,
R8,R_Axial_DIN0207_L6.3mm_D2.5mm_P10.16mm_Horizontal,1,2K2,
RP1,R_Array_SIP10,1,1k00,
U1,DIP-16_W7.62mm,1,74LS139,
U10,DIP-20_W7.62mm,1,74LS374,
"U11, U12, U13, U14, U15, U16, U17, U18, U19, U20, U21, U22, U23, U24, U25, U26",DIP-16_W7.62mm_Socket,16,HM50256P-15,
U2,DIP-14_W7.62mm,1,74LS11,
U3,DIP-16_W7.62mm,1,74LS173,
U4,DIP-14_W7.62mm,1,74LS32,
U5,DIP-20_W7.62mm,1,74LS373,
U6,DIP-14_W7.62mm,1,74LS51,
U7,DIP-14_W7.62mm,1,74LS00,
U8,DIP-16_W7.62mm,1,74LS175,
U9,DIP-20_W7.62mm,1,74LS245,
"X0, X3",SolderJumper-2_P1.3mm_Open_TrianglePad1.0x1.5mm,2,Conn_01x02,
XA1,SolderJumper-2_P1.3mm_Bridged_Pad1.0x1.5mm,1,Conn_01x02,
